kind	chromosome	path	size_bytes	sha256	url
beagle	-	beagle.jar	316844	7319f4af9638be05c18dcc1bfb8fb41a58a09293507ebf0d54617d0e40df5a70	https://faculty.washington.edu/browning/beagle/beagle.27Feb25.75f.jar
maps_archive	-	maps/plink.GRCh37.map.zip	23913120	8e88141345844571bc63efac6c043ee29e8ca41f26087dc51b7f1918943a077b	https://bochet.gcc.biostat.washington.edu/beagle/genetic_maps/plink.GRCh37.map.zip
bref3	1	b37.bref3/chr1.1kg.phase3.v5a.b37.bref3	538096271	3247b638789cf255c0084a011711eccddef08c0529c04a22b837d181e8773d42	https://bochet.gcc.biostat.washington.edu/beagle/1000_Genomes_phase3_v5a/b37.bref3/chr1.1kg.phase3.v5a.b37.bref3
bref3	2	b37.bref3/chr2.1kg.phase3.v5a.b37.bref3	570900081	8d6c41af2af1e91b9018c750d024f71a3d7b9e1a5ba9c1f1a1075e96a5ca1d5f	https://bochet.gcc.biostat.washington.edu/beagle/1000_Genomes_phase3_v5a/b37.bref3/chr2.1kg.phase3.v5a.b37.bref3
bref3	3	b37.bref3/chr3.1kg.phase3.v5a.b37.bref3	475988388	2d222f07a3f2007a31b9e27a19966ab18b2c43d1e802af24b9544923c34ebc0a	https://bochet.gcc.biostat.washington.edu/beagle/1000_Genomes_phase3_v5a/b37.bref3/chr3.1kg.phase3.v5a.b37.bref3
bref3	4	b37.bref3/chr4.1kg.phase3.v5a.b37.bref3	479817516	a00b81dac5cfd50d4f68d9a8bdbe748db9d7ee730a4a546492bd6a48443814bb	https://bochet.gcc.biostat.washington.edu/beagle/1000_Genomes_phase3_v5a/b37.bref3/chr4.1kg.phase3.v5a.b37.bref3
bref3	5	b37.bref3/chr5.1kg.phase3.v5a.b37.bref3	426293904	64b1e0b12130839314330f88ed4428e1e62a48d483b2d0983ef842476dfc612a	https://bochet.gcc.biostat.washington.edu/beagle/1000_Genomes_phase3_v5a/b37.bref3/chr5.1kg.phase3.v5a.b37.bref3
bref3	6	b37.bref3/chr6.1kg.phase3.v5a.b37.bref3	433180692	3076bc2db3f3c148ffe7b69b3f1794fdde78498825e1e2636b6f277a33b28056	https://bochet.gcc.biostat.washington.edu/beagle/1000_Genomes_phase3_v5a/b37.bref3/chr6.1kg.phase3.v5a.b37.bref3
bref3	7	b37.bref3/chr7.1kg.phase3.v5a.b37.bref3	401538411	944e2ce955780c32948a197c54e902ddf97caa5fb114e23090eb23242d277805	https://bochet.gcc.biostat.washington.edu/beagle/1000_Genomes_phase3_v5a/b37.bref3/chr7.1kg.phase3.v5a.b37.bref3
bref3	8	b37.bref3/chr8.1kg.phase3.v5a.b37.bref3	374379298	1ff6bde256470e20efcf12c2393a07b3dae13015f97182fc8d47d4fbbf958fe8	https://bochet.gcc.biostat.washington.edu/beagle/1000_Genomes_phase3_v5a/b37.bref3/chr8.1kg.phase3.v5a.b37.bref3
bref3	9	b37.bref3/chr9.1kg.phase3.v5a.b37.bref3	304107685	232da4adcec62b739fee108a806392e4ac18705dee0a0de1e85e2d24c4a2e11e	https://bochet.gcc.biostat.washington.edu/beagle/1000_Genomes_phase3_v5a/b37.bref3/chr9.1kg.phase3.v5a.b37.bref3
bref3	10	b37.bref3/chr10.1kg.phase3.v5a.b37.bref3	341429691	06da30da724b0b78b5f019124d10a88aa45c7a41a60357f9a6a6b59253a97d94	https://bochet.gcc.biostat.washington.edu/beagle/1000_Genomes_phase3_v5a/b37.bref3/chr10.1kg.phase3.v5a.b37.bref3
bref3	11	b37.bref3/chr11.1kg.phase3.v5a.b37.bref3	332474064	a05d978751b511aef8bc33b4a164d6f4b6b2243e1cc9dca676772208267dfe67	https://bochet.gcc.biostat.washington.edu/beagle/1000_Genomes_phase3_v5a/b37.bref3/chr11.1kg.phase3.v5a.b37.bref3
bref3	12	b37.bref3/chr12.1kg.phase3.v5a.b37.bref3	327714054	15e832382b5e35f7ea8b7ea9f46cacebac94a99f2eb74c56bc1de152224fda34	https://bochet.gcc.biostat.washington.edu/beagle/1000_Genomes_phase3_v5a/b37.bref3/chr12.1kg.phase3.v5a.b37.bref3
bref3	13	b37.bref3/chr13.1kg.phase3.v5a.b37.bref3	241320879	f9f160980484ac9c7da1f167eaf3d494962079c46ed86dd123c3cccba1405a71	https://bochet.gcc.biostat.washington.edu/beagle/1000_Genomes_phase3_v5a/b37.bref3/chr13.1kg.phase3.v5a.b37.bref3
bref3	14	b37.bref3/chr14.1kg.phase3.v5a.b37.bref3	225355199	ec6a3d3cdb23d6bc4e3f19546ba41f6b895938bbbd86ef94235d1e41694d4364	https://bochet.gcc.biostat.washington.edu/beagle/1000_Genomes_phase3_v5a/b37.bref3/chr14.1kg.phase3.v5a.b37.bref3
bref3	15	b37.bref3/chr15.1kg.phase3.v5a.b37.bref3	211304618	6e6e171a044d6006c6c6260095cb4d0139fe869a8e306833f68442b1f9286b47	https://bochet.gcc.biostat.washington.edu/beagle/1000_Genomes_phase3_v5a/b37.bref3/chr15.1kg.phase3.v5a.b37.bref3
bref3	16	b37.bref3/chr16.1kg.phase3.v5a.b37.bref3	229911351	effbd0f6bd9dc20cefa17bb7bc91a9486863cc93d0de375bbad5629db7fdae9d	https://bochet.gcc.biostat.washington.edu/beagle/1000_Genomes_phase3_v5a/b37.bref3/chr16.1kg.phase3.v5a.b37.bref3
bref3	17	b37.bref3/chr17.1kg.phase3.v5a.b37.bref3	202099645	4aa241d5692c1034f30f233611e053fc63a4df43e3b2f2968f9d7b0c87cefe79	https://bochet.gcc.biostat.washington.edu/beagle/1000_Genomes_phase3_v5a/b37.bref3/chr17.1kg.phase3.v5a.b37.bref3
bref3	18	b37.bref3/chr18.1kg.phase3.v5a.b37.bref3	194061409	a006737a2d0173c6e30e3053ca441a3a32cb84604a86c1d86be0786565c74e23	https://bochet.gcc.biostat.washington.edu/beagle/1000_Genomes_phase3_v5a/b37.bref3/chr18.1kg.phase3.v5a.b37.bref3
bref3	19	b37.bref3/chr19.1kg.phase3.v5a.b37.bref3	171004256	ed4b323d4b1faae1c7f3daed97f259ab0d8642ade001c2565bd6f860b26a03ec	https://bochet.gcc.biostat.washington.edu/beagle/1000_Genomes_phase3_v5a/b37.bref3/chr19.1kg.phase3.v5a.b37.bref3
bref3	20	b37.bref3/chr20.1kg.phase3.v5a.b37.bref3	153844474	5eba2a97065d12a95a9ffda1b6715a3443e3c145aa33f5e4609a6925ad9aa63d	https://bochet.gcc.biostat.washington.edu/beagle/1000_Genomes_phase3_v5a/b37.bref3/chr20.1kg.phase3.v5a.b37.bref3
bref3	21	b37.bref3/chr21.1kg.phase3.v5a.b37.bref3	100843132	96b424bd787425c70a60fdafe92b246803c3000013931613bf3eabd24b4ab3de	https://bochet.gcc.biostat.washington.edu/beagle/1000_Genomes_phase3_v5a/b37.bref3/chr21.1kg.phase3.v5a.b37.bref3
bref3	22	b37.bref3/chr22.1kg.phase3.v5a.b37.bref3	104221013	ad95694bf54ba427df3dbd7b7ec74098d88fc984a99dfa1f4c612aca6cac2092	https://bochet.gcc.biostat.washington.edu/beagle/1000_Genomes_phase3_v5a/b37.bref3/chr22.1kg.phase3.v5a.b37.bref3
bref3	X	b37.bref3/chrX.1kg.phase3.v5a.b37.bref3	281366227	572d1ea72327e9b58517d68537a888821772bf80e5107cacb4d9cea89b589021	https://bochet.gcc.biostat.washington.edu/beagle/1000_Genomes_phase3_v5a/b37.bref3/chrX.1kg.phase3.v5a.b37.bref3
fasta_archive	-	human_g1k_v37.fasta.gz	892331003	8b6c538abf0dd92d3f3020f36cc1dd67ce004ffa421c2781205f1eb690bdb442	https://ftp.1000genomes.ebi.ac.uk/vol1/ftp/technical/reference/human_g1k_v37.fasta.gz
fasta	-	human_g1k_v37.fasta	3153506519	2f9cd9e853a9284c53884e6a551b1c7284795dd053f255d630aeeb114d1fa81f	-
