rsid,chromosome,position
rs1800588,15,58723675
rs1800562,6,26093141
rs1799945,6,26091179
rs1801282,3,12393125
rs4645543,,
rs2075672,7,100240296
rs727428,17,7537792
rs2909381,12,4606527
rs6091737,20,52349892
rs856540,7,46708387
rs2282679,4,72608383
rs3741920,12,6938872
rs4963517,12,6947800
rs671,12,112241766
rs76960962,7,80104105
rs964184,11,116648917
rs2245133,6,131931092
rs2653349,6,55142337
rs307377,1,1269554
rs4072037,1,155162067
rs4846914,1,230295691
rs533259,1,182549019
rs6511720,19,11202306
rs10118114,9,105029381
rs6975345,7,80123999
rs10156191,7,150553605
rs7481584,11,3029089
rs10157197,1,150250636
rs7903146,10,114758349
rs10177833,2,74457718
rs9380978,6,12286838
rs10208233,2,54293570
rs2060793,11,14915310
rs10223664,6,98677699
rs212388,6,159490436
rs10246939,7,141672604
rs2267668,6,35377922
rs10279893,7,80137952
rs2501574,10,111850503
rs1042713,5,148206440
rs2816316,1,192536813
rs10468017,15,58678512
rs2968546,7,140420509
rs10491003,10,9328651
rs35744813,1,1265460
rs1049742,7,150554553
rs3811647,3,133484029
rs1049793,7,150557665
rs448378,3,169100899
rs10500872,11,20245723
rs471364,9,15289578
rs10503669,8,19847690
rs4938561,11,118718485
rs1050891,2,138771760
rs5082,1,161193683
rs10518440,1,77696822
rs591058,11,102711338
rs10738760,9,2691186
rs6441961,3,46352384
rs10772420,12,11174276
rs6548238,2,634905
rs10808546,8,126495818
rs679620,11,102713620
rs10822184,10,65337153
rs713598,7,141673345
rs10830963,11,92708710
rs7336933,13,42559076
rs10838738,11,47663049
rs7571842,2,74460904
rs10848704,12,2882544
rs780094,2,27741237
rs10850234,12,109914695
rs7957619,12,110013879
rs10871777,18,57851763
rs921943,5,78316476
rs10882272,10,95348182
rs9472113,6,43695564
rs10885122,10,113042093
rs9943764,12,109905720
rs10887741,10,89443310
rs2071514,7,150554887
rs10889353,1,63118196
rs2113563,2,176999012
rs10921078,1,192059022
rs2187668,6,32605884
rs10922910,1,91199862
rs2253206,2,208391978
rs10944,5,78385845
rs2274890,20,25301022
rs10948085,6,43693563
rs234712,21,44487453
rs10983013,9,118683862
rs2592394,2,176991779
rs10983026,9,118715664
rs2769264,1,151344741
rs11025444,11,20236780
rs2854746,7,45960645
rs11057830,12,125307053
rs2960436,7,45977282
rs1107660,7,80150131
rs2987983,14,64763653
rs1110572,16,68396119
rs3211908,7,80293916
rs11120796,1,7014330
rs3737665,1,9030964
rs11152120,18,56768799
rs3765963,1,9034598
rs11206244,1,54375701
rs3846663,5,74655726
rs11206510,1,55496039
rs4420638,19,45422946
rs11254160,10,16744523
rs4607517,7,44235668
rs113690120,14,81769391
rs4680,22,19951271
rs1137101,1,66058513
rs4788102,16,28873398
rs1143634,2,113590390
rs4912138,1,19993485
rs1144566,1,182569626
rs4952535,2,42131523
rs11549465,14,62207557
rs4988235,2,136608646
rs11558471,8,118185733
rs526934,11,59633493
rs11558538,,
rs560887,2,169763148
rs11605924,11,45873091
rs602662,19,49206985
rs11697384,20,25256598
rs6180,5,42719239
rs11708067,3,123065778
rs6462411,7,3915564
rs11715829,3,146957166
rs653178,12,112007756
rs11746443,5,176798306
rs6576642,15,24006370
rs1175549,1,3691727
rs674193,6,63160790
rs11977526,7,46008110
rs6959775,7,80157564
rs1208,8,18258316
rs7034200,9,4289050
rs12115454,9,118720050
rs714052,7,72864869
rs12140153,1,62579891
rs73178723,3,18926706
rs12150338,17,1634104
rs7385804,7,100235970
rs121908502,,
rs755109,9,100696203
rs121918454,,
rs762551,15,75041917
rs121918455,,
rs7799039,7,127878783
rs121918456,,
rs7834588,8,63883593
rs121918457,,
rs7944584,11,47336320
rs121918458,,
rs838705,2,234273242
rs121918459,,
rs909217,11,71146577
rs121918460,,
rs925946,11,27667202
rs121918464,,
rs9410006,9,137748168
rs121918466,,
rs947583,6,136133659
rs121918467,,
rs9898186,17,48278507
rs121918468,,
rs121918469,,
rs2066701,4,100238413
rs12243895,10,17158973
rs2073711,15,65494212
rs1229984,4,100239319
rs2108622,19,15990431
rs1245543,10,73849472
rs2120019,15,75334184
rs12480103,20,52338770
rs2124458,21,44475680
rs12512631,4,72601331
rs2191349,7,15064309
rs12527308,6,63061935
rs2248551,6,131924689
rs1260326,2,27730940
rs2260423,1,1314707
rs12610185,19,19721722
rs2271293,16,67902070
rs12612420,2,201158122
rs2274976,1,11850927
rs12635403,3,55976133
rs2338104,12,109895168
rs12678919,8,19844222
rs2409722,8,11039816
rs12680351,8,106515179
rs2583435,11,2958818
rs12706912,7,80252295
rs2650000,12,121388962
rs12722,9,137734416
rs2708377,12,11216315
rs12740374,1,109817590
rs2785173,11,35155732
rs12823126,12,2886946
rs2854744,7,45961075
rs12891759,14,59477014
rs28933386,,
rs12896790,14,38273922
rs2954029,8,126490972
rs12898259,15,75369780
rs2967605,19,8469738
rs12934922,16,81301694
rs2970818,12,4606168
rs12970134,18,57884750
rs307355,1,1265154
rs13015714,2,102971865
rs3196378,9,137734882
rs13076312,3,188089254
rs340874,1,214159256
rs13130484,4,45175691
rs3731566,10,111886089
rs13146355,4,77412140
rs3741843,12,11091432
rs13213457,6,98559692
rs3750997,11,71158841
rs1323292,1,192541021
rs3765964,1,9034421
rs13266634,8,118184783
rs3815575,12,109947905
rs1342780,1,91198676
rs3925584,11,30760335
rs138039,22,40621288
rs4343,17,61566031
rs1382879,5,76521868
rs4465366,11,24683117
rs1395479,4,178318191
rs4506565,10,114756041
rs1395483,4,178321418
rs4624124,15,24024378
rs139909,22,40697581
rs4654748,1,21786068
rs1404313,7,80154463
rs4704397,5,76518442
rs143384,20,34025756
rs4766605,12,109895636
rs1440300,18,72922457
rs4820268,22,37469591
rs1464510,3,188112554
rs4853585,2,190904163
rs1501908,5,156398169
rs492602,19,49206417
rs1524600,7,80138303
rs4939883,18,47167214
rs1527483,7,80301500
rs4961,4,2906707
rs1532423,8,86268313
rs4973706,3,18921772
rs1535628,9,105016749
rs4994,8,37823798
rs1536950,9,100333772
rs515135,2,21286057
rs153734,3,64078009
rs5275,1,186643058
rs1550532,2,234264848
rs5370,6,12296255
rs1572312,1,61417729
rs573521,11,102716980
rs162036,5,7885959
rs5934505,X,8913826
rs1668157,10,73906150
rs6090314,20,61857552
rs16873418,8,106592145
rs6102059,20,39228784
rs16910714,8,140496702
rs636736,11,118705145
rs16944,2,113594867
rs6458690,6,49411619
rs1697421,1,21823292
rs6467192,7,80107798
rs16996148,19,19658472
rs651852,5,78409060
rs17037397,1,11862163
rs6544713,2,44073881
rs17300539,3,186559460
rs6552828,4,185725416
rs17342717,6,25821770
rs6699866,1,19999645
rs173539,16,56988044
rs6715311,2,239363321
rs1738074,6,159465977
rs6751325,2,42142031
rs174537,11,61552680
rs6822844,4,123509421
rs174547,11,61570783
rs6961082,7,80100969
rs174550,11,61571478
rs699,1,230845794
rs17602729,1,115236057
rs7041,4,72618334
rs1761667,7,80244939
rs7138803,12,50247468
rs17623382,7,140592227
rs7144481,14,81610942
rs1776704,6,43949941
rs72829446,17,7552123
rs17768654,14,38273954
rs7333778,13,42546074
rs17810546,3,159665050
rs73372399,21,44502816
rs1799722,14,96671139
rs741049,7,7880565
rs7501331,16,81314496
rs1800012,17,48277749
rs7557067,2,21208211
rs758994,7,7880597
rs7679,20,44576502
rs1800795,7,22766645
rs7767396,6,43927050
rs1800961,20,43042364
rs780093,2,27742603
rs1801131,1,11854476
rs7819412,8,11045161
rs1801133,1,11856378
rs78355601,6,43924763
rs1801223,10,17152994
rs7923609,10,65133822
rs8058517,16,68379860
rs7949406,11,24718860
rs8111989,19,45809208
rs824205,15,24008071
rs8192678,4,23815662
rs1801725,3,122003757
rs831566,3,64075938
rs1815739,11,66328095
rs854571,7,94954619
rs1827293,1,21795388
rs884736,1,7015105
rs182948329,3,147098132
rs910612,6,43950706
rs1883025,9,107664301
rs925489,9,100546600
rs1935949,6,108999287
rs9308267,1,115174843
rs1956197,14,59477414
rs940541,7,80150594
rs1992141,6,74541452
rs9464203,6,55037124
rs1999594,1,11959216
rs9473555,6,49409487
rs2010481,12,11180340
rs9573974,13,77575137
rs2016520,6,35378778
rs9851967,3,188087628
rs202700,11,49216699
rs9939609,16,53820527
rs202712,11,49198924
rs997765,6,74506914
rs2034900,5,78315964
rs2052129,7,150548972
rs9926296,16,89818089
rs966561,8,6655391
rs9479482,6,150358012
rs9287698,2,8487296
rs9287638,2,239694631
rs9275572,6,32678999
rs910873,20,33171772
rs885479,16,89986154
rs873466,11,34436686
rs853308,8,133929917
rs845926,X,136831941
rs8192917,14,25102160
rs7898880,10,6037553
rs7802307,7,22766433
rs7787362,7,73392603
rs7757523,6,36326706
rs7531806,1,169651044
rs747650,11,47176005
rs73406950,6,36311047
rs72672504,8,108290925
rs7253377,19,8790015
rs7142675,14,25012115
rs71387227,2,8461377
rs7127307,11,128187383
rs7104093,11,10339134
rs706779,10,6098824
rs7009110,8,81291879
rs6950087,7,68595572
rs6945541,7,68611960
rs6905288,6,43758873
rs6871748,5,35885982
rs6757906,2,68354727
rs6736178,2,68433831
rs6721961,2,178130037
rs6679677,1,114303808
rs6510827,19,4830628
rs6473226,8,81285759
rs6433657,2,178134677
rs62034322,16,28535834
rs61816761,1,152285861
rs61813875,1,152536650
rs617819,11,102714716
rs610604,6,138199417
rs6065912,20,44632367
rs6047844,20,22037575
rs6010620,20,62309839
rs5978440,X,11583750
rs5978435,X,11434093
rs59374417,3,119288414
rs537786,11,65494987
rs507666,9,136149399
rs4911442,20,33355046
rs4911414,20,32729444
rs4908760,1,8526142
rs4880,6,160113872
rs4854344,2,638144
rs4822024,22,41757647
rs479844,11,65551957
rs479777,11,64107477
rs4788073,16,28594549
rs4778138,15,28335820
rs4766578,12,111904371
rs4755450,11,36363575
rs4745856,10,64374948
rs4671386,2,60514993
rs4643526,2,61184651
rs4409785,11,95311422
rs4238685,16,88775220
rs4129267,1,154426264
rs4078435,7,73399246
rs3918242,20,44635976
rs3918241,20,44635735
rs3910516,2,216303053
rs390950,3,120583633
rs3823355,6,29942083
rs3814231,10,115481018
rs3806156,6,32373698
rs38055,5,52560644
rs3757247,6,90957463
rs35652124,2,178130073
rs35318931,X,38009121
rs330072,8,9159710
rs330071,8,9159895
rs329499,2,64324076
rs329497,2,64327592
rs322458,3,120585315
rs3212227,5,158742950
rs3135356,6,32391516
rs3134945,6,32146492
rs3118470,10,6101713
rs2534657,6,31472459
rs2516498,6,31465899
rs2497938,X,66563018
rs2476601,1,114377568
rs2456973,12,56416928
rs2367563,12,96057184
rs229527,22,37581485
rs2272128,2,103039929
rs2228479,16,89985940
rs2201841,1,67694202
rs2180439,20,21853100
rs2155219,11,76299194
rs2153271,9,16864521
rs2111485,2,163110536
rs2082412,5,158717789
rs2074369,5,131973663
rs2073963,7,18877874
rs2071288,6,32149260
rs2066808,12,56737973
rs2058623,2,102986170
rs20541,5,131995964
rs2041733,16,11229589
rs2040704,5,131973177
rs2027869,X,136726842
rs2003046,1,11032827
rs195764,6,37257787
rs1937782,6,38629230
rs1805008,16,89986144
rs1805007,16,89986117
rs1805006,16,89985918
rs1805005,16,89985844
rs1800875,14,24979338
rs1800797,7,22766221
rs1800624,6,32152387
rs1800566,16,69745145
rs1799750,11,102670496
rs17728338,5,150478318
rs17651189,22,24844883
rs17233378,16,89824713
rs17103120,14,35703839
rs1701704,12,56412487
rs16872571,4,10726853
rs1540771,6,466033
rs1498308,1,150295131
rs149709,6,37278933
rs1433195,8,108366127
rs1408799,9,12672097
rs1393350,11,89011046
rs1362971,12,96075523
rs13294,1,150484987
rs13194237,6,38679052
rs12913832,15,28365618
rs12786743,11,128159029
rs1265181,6,31155785
rs1250258,2,216300185
rs1250229,2,216304384
rs12373124,17,43924219
rs12203592,6,396321
rs12185268,17,43923683
rs11742270,5,35881443
rs11706370,3,49441091
rs11686945,2,178111336
rs1160312,20,22050503
rs11600251,11,10161194
rs1159268,1,218844906
rs11547464,16,89986091
rs1130534,6,38650588
rs1129038,15,28356859
rs1126809,11,89017961
rs11209026,1,67705958
rs11203203,21,43836186
rs1110400,16,89986130
rs11032695,11,34447586
rs10947233,6,32124424
rs10798036,1,186052962
rs10795733,10,6043478
rs10768122,11,35280852
rs1076160,9,135776034
rs10760706,9,102723692
rs1060573,11,47179829
rs10512268,9,102714466
rs1050450,3,49394834
rs10502861,18,42800148
rs10501149,11,36376021
rs1049346,6,38670837
rs10484554,6,31274555
rs1042602,11,88911696
rs1024161,2,204721752
rs10195800,2,61223666
rs1015362,20,32738612
i5004911,5,42700021
i5004913,5,42711393
i5004914,5,42711414
i5004915,5,42699932
i5004916,5,42699994
i5004918,5,42700001
i5004919,5,42700004
i5004921,5,42629171
i5004922,5,42695055
i5004923,5,42695087
i5005009,17,61995818
i5005010,17,61995269
i5005011,17,61995163
i5005012,17,61995432
i5005014,17,61994697
i6045794,15,99251109
i5004907,5,42695093
i5004908,5,42689036
i5004909,5,42689023
i5004910,5,42689039
i5002309,15,99465391
